{"cameraMode":{"drawMode":0,"name":"Shaded","section":"Shading Mode"},"sceneLighting":false,"audioPlay":false,"sceneViewState":{"showFog":true,"showMaterialUpdate":false,"showSkybox":false,"showFlares":true,"showImageEffects":true,"showParticleSystems":true},"in2DMode":false,"pivot":{"x":8.99441146850586,"y":0.8142369985580444,"z":6.2198100090026859},"rotation":{"x":0.11193639785051346,"y":-0.6996216773986816,"z":0.1124090775847435,"w":0.6966805458068848},"size":3.06748628616333,"orthographic":false}