{"cameraMode":{"drawMode":0,"name":"Shaded","section":"Shading Mode"},"sceneLighting":true,"audioPlay":false,"sceneViewState":{"showFog":true,"showMaterialUpdate":false,"showSkybox":true,"showFlares":true,"showImageEffects":true,"showParticleSystems":true},"in2DMode":false,"pivot":{"x":15.091880798339844,"y":18.22690200805664,"z":-11.51661205291748},"rotation":{"x":0.05086271092295647,"y":0.7165443897247315,"z":0.05253827944397926,"w":-0.6936979293823242},"size":10.0,"orthographic":false}